{"sections":{"template":{"type":"cart-template","blocks":{"98e8aa09-e980-404a-ae42-ce8f444957d2":{"type":"ats_cart_recom","settings":{"ats_product":"banana-baby-porridge-multipack"}},"4349a150-184a-4e03-b7d4-5d6e0e4d4f8e":{"type":"ats_cart_recom","settings":{"ats_product":"creamy-oat-baby-porridge-multipack"}},"12bf0bd7-aad3-4997-ad01-bd72021e0fef":{"type":"ats_cart_recom","settings":{"ats_product":"organic-smooth-baby-rice-5-pack"}}},"block_order":["98e8aa09-e980-404a-ae42-ce8f444957d2","4349a150-184a-4e03-b7d4-5d6e0e4d4f8e","12bf0bd7-aad3-4997-ad01-bd72021e0fef"],"settings":{"ats_suggested_text":"Suggested Product","cart_ajax_enable":true,"cart_notes_enable":false}}},"order":["template"]}