{"sections":{"template1":{"type":"about_top_template","blocks":{"798799bf-c053-447a-ad5c-6d42464fe6c7":{"type":"image","settings":{"image":"shopify:\/\/shop_images\/Still_010.png","mo_image":"shopify:\/\/shop_images\/Still_010.png","content_position":"middleTop","slide_title":"Uniquely British made","subheading":"From our family, to yours","text":"","button_label":"","button_link":"","slide_color":"black"}}},"block_order":["798799bf-c053-447a-ad5c-6d42464fe6c7"],"settings":{"select_option":"video","video_name":"https:\/\/cdn.shopify.com\/s\/files\/1\/0443\/3729\/9614\/files\/middleaboutheader.mp4?v=1603913148","content_position":"bottomLeft","slide_title":"OUR STORY","subheading":"From our family, to yours","text":"","button_label":"","button_link":"","slide_color":"white","slideshow_height":"adapt","text_size":"medium","show_overlay":false,"autorotate":false,"autorotate_speed":5}},"template2":{"type":"about-template","settings":{"image":"shopify:\/\/shop_images\/cowthin_5a13dc0d-0502-4c8f-9bbe-13d93cbcda81.png","image_mobile":"shopify:\/\/shop_images\/cowthin_mobile.jpg","layout":"left","sub_title":"Local Supply Chain","title":"We named this cutie Wilbur!","text":"<p>When other brands left the UK to cut costs, we stayed. Why? Because we rely on our world-class farms here at home to craft the world’s highest quality <a href=\"\/\" title=\"\/\">baby formula.<\/a><\/p><p>We believe the best ingredients are those grown locally. We believe in supporting local family farmers and farms. We believe our children deserve a better <a href=\"\/\" title=\"\/\">baby milk<\/a>.<br\/><br\/>Local supply chain means traceability, sustainability and knowing every step of the process, from farm to formula.<\/p><p>We don't produce for any other brands or supermarkets, so if you're after high quality and local British supply chain, it has to be Kendamil! <\/p>","button_label":"","button_link":"","image_icon":"shopify:\/\/shop_images\/kendamil-6.png","layout1":"right:0","bg_color":"#f5f8f0"}},"template3":{"type":"about_template3","blocks":{"ffc4f52c-7598-4f23-8d7f-2f2d4e9aac7e":{"type":"logo_image","settings":{"image":"shopify:\/\/shop_images\/Untitled_design_1.png","text":"<p>Kendamil Classic Stage 2 wins The Grocer's New Product Award for 2021! The judges said Kendamil felt natural, tasted great and had clear and appealing packaging!<\/p>","link":"#"}},"9c277c2c-f37a-4718-a15d-9840e2ce6483":{"type":"logo_image","settings":{"image":"shopify:\/\/shop_images\/1_7838a1ff-b01d-4d89-b614-795a618b129e.png","text":"<p>Kendamil is Made for Mums! In 2021 we were awarded their Gold prize for our cereals and milks! - Woohoo!<\/p>","link":"#"}},"c9b30278-9b32-4393-9285-a55546f2f2ab":{"type":"logo_image","settings":{"image":"shopify:\/\/shop_images\/2_3c2e7d82-9e7d-4fd9-b02c-840619996309.png","text":"<p>Ooo, a Grand prize! Kendamil Goat wins at the Monde Selection with the ceremony's highest honour, the Grand Gold! <\/p>","link":"#"}},"936e2862-1635-4739-95c2-2f701ea45266":{"type":"logo_image","settings":{"image":"shopify:\/\/shop_images\/motherbaby.png","text":"<p>Kendamil wins Gold at the Mother and Baby Awards 2021 for Best Product for Bottle Feeding!<\/p>","link":""}},"1600425498378":{"type":"logo_image","settings":{"image":"shopify:\/\/shop_images\/newabout1.png","text":"<p>Kendamil gets a &#x27;company Knighthood&#x27;! In April 2020 we were honoured to receive the Queens Award for Enterprise in International Trade 2020.<\/p>","link":""}},"1600425515290":{"type":"logo_image","settings":{"image":"shopify:\/\/shop_images\/ft600.png","text":"<p>Movin’ on up! In March 2020 we were thrilled to be recognised by the Financial Times as one of Europe’s 1,000 fastest-growing companies.<\/p>","link":""}},"1600425525167":{"type":"logo_image","disabled":true,"settings":{"image":"shopify:\/\/shop_images\/newabout2.png","text":"<p>Milk fit for a Prince! In April 2019 British press reported that Kendamil Classic Stage 2 had been supplied to the Royal Household for HRH Prince Louis<\/p>","link":""}},"1600674063047":{"type":"logo_image","settings":{"image":"shopify:\/\/shop_images\/liamf600.png","text":"<p>A very official seal of approval! In February 2019 we were awarded the Board of Trade Award for Kendamil’s rapid success around the world.<\/p>","link":""}},"1602052143406":{"type":"logo_image","settings":{"image":"shopify:\/\/shop_images\/monde600.png","text":"<p>The cream of the crop! In May 2018 Kendamil was awarded the Gold Medal by Monde Selection as the best infant formula in the world!<\/p>","link":""}},"1602052179615":{"type":"logo_image","settings":{"image":"shopify:\/\/shop_images\/organci600.png","text":"<p>One small step for nature … April 2018 saw the launch of Kendamil Organic – the first full cream, palm-oil free <a title=\"https:\/\/kendamil.com\/products\/organic-first-infant-milk\" href=\"https:\/\/kendamil.com\/products\/organic-first-infant-milk\">organic milk<\/a> in Europe.<\/p>","link":""}},"1602052310790":{"type":"logo_image","settings":{"image":"shopify:\/\/shop_images\/rosslaunch600.png","text":"<p>Finally, a product of our own! Designed from the ground up, we proudly launched Kendamil, named after our town and team in 2016.<\/p>","link":""}},"f114da2a-b7d5-4bac-9eed-ff0e1623d5e3":{"type":"logo_image","settings":{"image":"shopify:\/\/shop_images\/factory600.png","text":"<p>A new standard of excellence. July 2016 saw our factory reach the coveted BRC AA grade status. A factory first and a proud day. <\/p>","link":""}},"66f4db72-976a-4318-9eb9-5f617fd01106":{"type":"logo_image","settings":{"image":"shopify:\/\/shop_images\/newfactory600.png","text":"<p>A new chapter for Kendal! In June 2015, the Kendal factory came under family ownership for the very first time, saving over 90 local jobs. <\/p>","link":""}},"33186135-39e3-4bc7-9e68-ff6422c22b9e":{"type":"logo_image","settings":{"image":"shopify:\/\/shop_images\/overhead600.png","text":"<p>Raising the bar. In 2007 the Kendal plant was certified BRC A grade status, validating the world-class quality standards in place on-site.<\/p>","link":""}},"afea9f74-c224-45d5-90d3-d9ece586fdfb":{"type":"logo_image","settings":{"image":"shopify:\/\/shop_images\/oldfactory600.png","text":"<p>In 1999 the Kendal factory was recognised as a European Centre of Excellence for the making of <a title=\"\/\" href=\"\/\">Infant formulas<\/a> and infant-grade cereals.<\/p>","link":""}},"86217b29-a1e9-4442-bf5f-f0922735f824":{"type":"logo_image","settings":{"image":"shopify:\/\/shop_images\/farley600_763405cb-e48e-4cfa-89b7-38641b672e73.png","text":"<p>In 1968 Glaxo purchased the Farley’s brand of infant nutrition, making Kendal one of the leading infant nutrition sites in the UK.<\/p>","link":""}},"cd848a56-0c7f-4124-bd52-3d230d4355bc":{"type":"logo_image","settings":{"image":"shopify:\/\/shop_images\/drawing600.png","text":"<p>In 1962, Glaxo (later GSK) arrive in the UK and establish their first UK factory in Kendal, in the heart of the English Lake District.<\/p>","link":""}}},"block_order":["ffc4f52c-7598-4f23-8d7f-2f2d4e9aac7e","9c277c2c-f37a-4718-a15d-9840e2ce6483","c9b30278-9b32-4393-9285-a55546f2f2ab","936e2862-1635-4739-95c2-2f701ea45266","1600425498378","1600425515290","1600425525167","1600674063047","1602052143406","1602052179615","1602052310790","f114da2a-b7d5-4bac-9eed-ff0e1623d5e3","66f4db72-976a-4318-9eb9-5f617fd01106","33186135-39e3-4bc7-9e68-ff6422c22b9e","afea9f74-c224-45d5-90d3-d9ece586fdfb","86217b29-a1e9-4442-bf5f-f0922735f824","cd848a56-0c7f-4124-bd52-3d230d4355bc"],"settings":{"subtitle":"Our proud history","title":"60 years of feeding the future","blog_bg_color":"#ffffff"}},"template4":{"type":"about_template4","blocks":{"1600415334025":{"type":"logo_image","settings":{"image":"shopify:\/\/shop_images\/Kendamil-press-sundaytimes.png","link":""}},"1600415364462":{"type":"logo_image","settings":{"image":"shopify:\/\/shop_images\/Kendamil-press-BBC.png","link":""}},"5e522c9c-e398-4e7a-878d-c17635fedbbd":{"type":"logo_image","settings":{"image":"shopify:\/\/shop_images\/Kendamil-press-vanity.png","link":""}},"1600415402591":{"type":"logo_image","settings":{"image":"shopify:\/\/shop_images\/Kendamil-press-itv.png","link":""}},"1600415220716":{"type":"logo_image","settings":{"image":"shopify:\/\/shop_images\/Kendamil-stockists-FT_2d52b54e-9a46-41ff-9cbe-5014c9adcfaa.png","link":""}},"1600415380278":{"type":"logo_image","settings":{"image":"shopify:\/\/shop_images\/Kendamil-press-dailymail.png","link":""}}},"block_order":["1600415334025","1600415364462","5e522c9c-e398-4e7a-878d-c17635fedbbd","1600415402591","1600415220716","1600415380278"],"settings":{"title":"Hear our story","logo_opacity":"1","logo_bg_color":"#f6faff","insta_icon":"shopify:\/\/shop_images\/Kendamil-illustrativeassetts-11.png","insta_icon_1":"shopify:\/\/shop_images\/kendamil-1a.png","button_label":"","button_link":""}},"template5":{"type":"about_template5","blocks":{"1600429556430":{"type":"ex_image","settings":{"image":"shopify:\/\/shop_images\/testross.png","ex_name":"Ross McMahon","ex_desig":"founder (and Dad)","ex_text":"<p>Growing up on a farm, Ross has always been passionate about animal welfare and ingredients that are close to nature. When he had sons of his own, William and Dylan, he couldn&#x27;t understand why other infant formula brands were trying to substitute human breastmilk with fish oils and palm oils. When he&#x27;s not championing high quality standards for baby milks, you might find Ross hiking in the local Cumbrian countryside!<\/p>"}},"1602238682058":{"type":"ex_image","settings":{"image":"shopify:\/\/shop_images\/Steve.png","ex_name":"Steve McCann","ex_desig":"Head of Research and Development","ex_text":"<p>Having formulated baby milks and weaning foods for nearly 40 years, Steve has seen first-hand how the industry has evolved. The quality of the product and the great team in Kendal gave him the confidence to raise his own daughters on baby milk that was developed and manufactured here. When he’s not busy with Kendamil, you can find Steve tending to his vegetables in the greenhouse!<\/p>"}},"1602145652573":{"type":"ex_image","settings":{"image":"shopify:\/\/shop_images\/will3_f7f8507f-bafd-4277-993d-95cb5ed68d37.png","ex_name":"Will McMahon","ex_desig":"Director (and Son #1)","ex_text":"<p>Remember Ross&#x27; sons? Well, they&#x27;re not so little anymore! Meet Will, our Commercial Director. Although he might be a <em>little<\/em> old for Kendamil, you&#x27;ll find Will enjoying a Kendalife adult shake on the triathlon circuit! <\/p>"}},"087088cb-2406-4d85-b3b6-8c1ca4a2022f":{"type":"ex_image","settings":{"image":"shopify:\/\/shop_images\/AnnaLee.png","ex_name":"Anna Lee","ex_desig":"Paediatric Nurse & NHS Manager","ex_text":"<p>Anna has worked as a paediatric nurse for the NHS and in the paediatric nutrition industry for the last 17 years. As a Mum of 2 young children, she understands the challenges and decisions that come with feeding your baby, and the kinds of emotions you feel when you decide to breast or bottle feed. After being blown away by the products and the company, Anna joined Kendamil at the beginning of 2021. <\/p>"}},"1600429991447":{"type":"ex_image","settings":{"image":"shopify:\/\/shop_images\/103l.png","ex_name":"Dylan McMahon","ex_desig":"Head of growth (and Son #2)","ex_text":"<p>Name sound familiar? We told you it was a family business! Although Dylan is the baby of the family, he&#x27;s Kendamil&#x27;s Head of Growth and works across our Product and Community teams. Outside of Kendamil, you&#x27;ll probably find Dylan cooking up a storm in the kitchen with his girlfriend or reading about the next big thing in tech! <\/p>"}},"c3a92b1b-1727-4d96-843e-1037aaf71bfb":{"type":"ex_image","settings":{"image":"shopify:\/\/shop_images\/Luke.png","ex_name":"Luke Douglas","ex_desig":"Dairy Research Specialist","ex_text":"<p>Meet Luke, a Cumbrian local with a passion for sports and the outdoors. Luke formally trained as a Pharmacologist at the University of Liverpool and has a dairy processing Master’s degree from University College Dublin. Luke first joined the team back in 2015 when Kendal Nutricare was first established, developing new products for its infant formula and cereals ranges. <\/p><p> <\/p>"}},"abab4ea5-5368-443b-919f-a1e1e6eb9fbb":{"type":"ex_image","settings":{"image":"shopify:\/\/shop_images\/Jodie.png","ex_name":"Jodie Pennicott","ex_desig":"Laboratory Technician","ex_text":"<p>Jodie started with us as an apprentice laboratory technician and completed a HND in Chemical Sciences for Industry. Now working as a lab technician for Kendamil, Jodie carries out chemical analysis on our products to ensure that they meet our high quality standards. Outside of Kendamil, Jodie loves practising yoga and being artistically creative. <\/p>"}},"d8a8c5d6-900e-439c-a0c0-7b80a8ff4251":{"type":"ex_image","settings":{"image":"shopify:\/\/shop_images\/simon_586ded22-c11e-4504-9ef6-fdd0f3f44036.png","ex_name":"Simon Evans","ex_desig":"Operations Manager","ex_text":"<p>Simon is one of the longest serving members of our team and is incredibly committed to providing the best standards to our products. Simon has been working in the dairy industry since the school leaving age (before if you class his milk round!) and manages the production operations in our factory, ensuring that every product meets strict standards. <\/p>"}}},"block_order":["1600429556430","1602238682058","1602145652573","087088cb-2406-4d85-b3b6-8c1ca4a2022f","1600429991447","c3a92b1b-1727-4d96-843e-1037aaf71bfb","abab4ea5-5368-443b-919f-a1e1e6eb9fbb","d8a8c5d6-900e-439c-a0c0-7b80a8ff4251"],"settings":{"ex_title":"A family business","ex_info":"<p>Meet some of the team behind Kendamil<\/p>","background_bar":"#ffffff"}},"template6":{"type":"about_template2","settings":{"image":"shopify:\/\/shop_images\/nature.png","layout":"right","sub_title":"our home","title":"Welcome to the Lake District","text":"<p>Kendal is located in the English Lake District, a UNESCO World Heritage site and home to some of your favourite characters like Peter Rabbit and Postman Pat. It isn’t always sunny (or dry!) but it creates the perfect climate for our happy cows and <a title=\"https:\/\/kendamil.com\/products\/organic-first-infant-milk\" href=\"https:\/\/kendamil.com\/products\/organic-first-infant-milk\">organic<\/a> farms. Regular rainfall enriches the grass with minerals that our Jersey cows munch on year-round.<\/p>","button_label":"","button_link":"","bg_color":"#fdfbf9"}},"template7":{"type":"template-page-about","settings":{}}},"order":["template1","template2","template3","template4","template5","template6","template7"]}