{"sections":{"template":{"type":"product-template","settings":{"ingredients_dots":false,"button_x":1,"button_y":1,"show_quantity_selector":true,"show_variant_labels":true,"show_vendor":false,"enable_payment_button":true,"show_share_buttons":true,"media_size":"medium","enable_image_zoom":false,"enable_video_looping":false}},"recommendations":{"type":"product-recommendations","settings":{"show_product_recommendations":true,"heading":"You may also like","show_vendor":false}},"product":{"type":"template-product","settings":{}}},"order":["template","recommendations","product"]}