[{"name":"theme_info","theme_name":"Debut","theme_author":"Shopify","theme_version":"16.7.0","theme_documentation_url":"https:\/\/help.shopify.com\/manual\/using-themes\/themes-by-shopify\/debut","theme_support_url":"https:\/\/support.shopify.com\/"},{"name":{"da":"Farver","de":"Farben","en":"Colors","es":"Colores","fi":"Värit","fr":"Couleurs","hi":"रंग","it":"Colori","ja":"色","ko":"색상","nb":"Farger","nl":"Kleuren","pt-BR":"Cores","pt-PT":"Cores","sv":"Färger","th":"สี","zh-CN":"颜色","zh-TW":"色彩"},"settings":[{"type":"header","content":{"da":"Tekst","de":"Text","en":"Text","es":"Texto","fi":"Teksti","fr":"Texte","hi":"टेक्स्ट","it":"Testo","ja":"テキスト","ko":"텍스트","nb":"Tekst","nl":"Tekst","pt-BR":"Texto","pt-PT":"Texto","sv":"Text","th":"ข้อความ","zh-CN":"文本","zh-TW":"文字"}},{"type":"color","id":"color_text","label":{"da":"Overskrifter og links","de":"Titel und Links","en":"Headings and links","es":"Títulos y enlaces","fi":"Otsikot ja linkit","fr":"En-têtes et liens","hi":"शीर्षक और लिंक","it":"Titoli e link","ja":"見出しとリンク","ko":"제목 및 링크","nb":"Overskrifter og koblinger","nl":"Koppen en links","pt-BR":"Títulos e links","pt-PT":"Títulos e ligações","sv":"Rubriker och länkar","th":"หัวเรื่องและลิงก์","zh-CN":"标题和链接","zh-TW":"標題和連結"},"default":"#3a3a3a"},{"type":"color","id":"color_body_text","label":{"da":"Brødtekst","de":"Body-Text","en":"Body text","es":"Texto del cuerpo","fi":"Leipäteksti","fr":"Corps du texte","hi":"मुख्य भाग","it":"Corpo del testo","ja":"本文","ko":"본문 텍스트","nb":"Brødtekst","nl":"Hoofdtekst","pt-BR":"Corpo do texto","pt-PT":"Corpo de texto","sv":"Brödtext","th":"ข้อความเนื้อหา","zh-CN":"正文文本","zh-TW":"內文"},"default":"#333232"},{"type":"color","id":"color_sale_text","label":{"da":"Udsalgspris","de":"Verkaufspreis","en":"Sale price","es":"Precio de venta","fi":"Myyntihinta","fr":"Prix soldé","hi":"सेल की कीमत","it":"Prezzo di vendita","ja":"販売価格","ko":"판매 가격","nb":"Salgspris","nl":"Aanbiedingsprijs","pt-BR":"Preço de venda","pt-PT":"Preço de saldo","sv":"Försäljningspris","th":"ราคาขาย","zh-CN":"销售价格","zh-TW":"售價"},"default":"#EA0606"},{"type":"header","content":{"da":"Knapper","de":"Buttons","en":"Buttons","es":"Botones","fi":"Painikkeet","fr":"Boutons","hi":"बटन","it":"Pulsanti","ja":"ボタン","ko":"버튼","nb":"Knapper","nl":"Knoppen","pt-BR":"Botões","pt-PT":"Botões","sv":"Knappar","th":"ปุ่ม","zh-CN":"按钮","zh-TW":"按鈕"}},{"type":"color","id":"color_button","label":{"da":"Primære knapper","de":"Primäre Buttons","en":"Primary buttons","es":"Botones primarios","fi":"Ensisijaiset painikkeet","fr":"Boutons primaires","hi":"प्राथमिक बटन","it":"Pulsanti primari","ja":"主なボタン","ko":"기본 버튼","nb":"Primærknapper","nl":"Primaire knoppen","pt-BR":"Botões primários","pt-PT":"Botões principais","sv":"Primära knappar","th":"ปุ่มหลัก","zh-CN":"主要按钮","zh-TW":"主要按鈕"},"default":"#3a3a3a"},{"type":"color","id":"color_button_text","label":{"da":"Primære labels","de":"Primäre Beschriftung","en":"Primary labels","es":"Etiquetas principales","fi":"Ensisijaiset tarrat","fr":"Étiquettes primaires","hi":"प्राथमिक लेबल","it":"Etichette primarie","ja":"一次ラベル","ko":"기본 레이블","nb":"Primære etiketter","nl":"Primaire labels","pt-BR":"Rótulos primários","pt-PT":"Etiquetas principais","sv":"Primär etiketter","th":"ป้ายกำกับหลัก","zh-CN":"主要标签","zh-TW":"主要標籤"},"default":"#ffffff"},{"type":"color","id":"color_small_button_text_border","label":{"da":"Sekundære labels og kanter","de":"Sekundäre Labels und Ränder","en":"Secondary labels and borders","es":"Etiquetas secundarias y bordes","fi":"Toissijaiset tarrat ja reunukset","fr":"Étiquettes secondaires et bordures","hi":"माध्यमिक लेबल और सीमाएं","it":"Etichette e bordi secondari","ja":"二次ラベルと罫線","ko":"보조 레이블 및 테두리","nb":"Sekundære etiketter og rammer","nl":"Secundaire labels en randen","pt-BR":"Rótulos e bordas secundárias","pt-PT":"Limites e etiquetas secundárias","sv":"Sekundära etiketter och gränser","th":"ป้ายกำกับรองและขอบ","zh-CN":"次要标签和边框","zh-TW":"次要標籤和邊框"},"default":"#3a3a3a"},{"type":"header","content":{"da":"Formularfelter","de":"Formularfelder","en":"Form fields","es":"Campos de formulario","fi":"Lomakekentät","fr":"Champs de formulaire","hi":"फ़ॉर्म फ़ील्ड्स","it":"Campi modulo","ja":"フォームフィールド","ko":"양식 필드","nb":"Skjemafelt","nl":"Formuliervelden","pt-BR":"Campos de formulário","pt-PT":"Campos de formulário","sv":"Formulärfält","th":"ช่องข้อมูลของแบบฟอร์ม","zh-CN":"表单字段","zh-TW":"表單欄位"}},{"type":"color","id":"color_text_field_text","label":{"da":"Tekst","de":"Text","en":"Text","es":"Texto","fi":"Teksti","fr":"Texte","hi":"टेक्स्ट","it":"Testo","ja":"テキスト","ko":"텍스트","nb":"Tekst","nl":"Tekst","pt-BR":"Texto","pt-PT":"Texto","sv":"Text","th":"ข้อความ","zh-CN":"文本","zh-TW":"文字"},"default":"#000000"},{"type":"color","id":"color_text_field_border","label":{"da":"Kanter","de":"Ränder","en":"Borders","es":"Bordes","fi":"Reunukset","fr":"Bordures","hi":"बॉर्डर","it":"Bordi","ja":"境界線","ko":"테두리","nb":"Rammer","nl":"Grenzen","pt-BR":"Bordas","pt-PT":"Limites","sv":"Gränser","th":"ขอบ","zh-CN":"边框","zh-TW":"邊框"},"default":"#cccccc"},{"type":"color","id":"color_text_field","label":{"da":"Baggrund","de":"Hintergrund","en":"Background","es":"Fondo","fi":"Tausta","fr":"Couleur de fond","hi":"पृष्ठभूमि","it":"Sfondo","ja":"背景","ko":"배경","nb":"Bakgrunn","nl":"Achtergrond","pt-BR":"Plano de fundo","pt-PT":"Fundo","sv":"Bakgrund","th":"พื้นหลัง","zh-CN":"背景","zh-TW":"背景"},"default":"#ffffff"},{"type":"header","content":{"da":"Overlejring af billeder","de":"Text auf Fotos","en":"Image overlays","es":"Superposiciones de imágenes","fi":"Kuvan peitto","fr":"Superpositions d'images","hi":"इमेज ओवरले","it":"Sovrapposizioni di immagine","ja":"画像のオーバーレイ","ko":"이미지 오버레이","nb":"Bildeoverlegg","nl":"Beeld-overlays","pt-BR":"Sobreposições de imagens","pt-PT":"Sobreposições de imagens","sv":"Bildöverlagring","th":"การวางซ้อนรูปภาพ","zh-CN":"图片叠加","zh-TW":"圖片疊加層"}},{"type":"color","id":"color_image_overlay_text","label":{"da":"Tekst","de":"Text","en":"Text","es":"Texto","fi":"Teksti","fr":"Texte","hi":"टेक्स्ट","it":"Testo","ja":"テキスト","ko":"텍스트","nb":"Tekst","nl":"Tekst","pt-BR":"Texto","pt-PT":"Texto","sv":"Text","th":"ข้อความ","zh-CN":"文本","zh-TW":"文字"},"default":"#ffffff"},{"type":"color","id":"color_image_overlay","label":{"da":"Baggrund","de":"Hintergrund","en":"Background","es":"Fondo","fi":"Tausta","fr":"Couleur de fond","hi":"पृष्ठभूमि","it":"Sfondo","ja":"背景","ko":"배경","nb":"Bakgrunn","nl":"Achtergrond","pt-BR":"Plano de fundo","pt-PT":"Fundo","sv":"Bakgrund","th":"พื้นหลัง","zh-CN":"背景","zh-TW":"背景"},"default":"#685858"},{"type":"range","id":"image_overlay_opacity","label":{"da":"Uigennemsigtighed","de":"Opazität","en":"Opacity","es":"Opacidad","fi":"Sameus","fr":"Opacité","hi":"अस्पष्टता","it":"Opacità","ja":"不透過率","ko":"불투명도","nb":"Gjennomsiktighet","nl":"Doorschijnendheid","pt-BR":"Opacidade","pt-PT":"Opacidade","sv":"Opacitet","th":"ความทึบ","zh-CN":"不透明度","zh-TW":"透明度"},"min":0,"max":100,"step":1,"unit":{"da":"%","de":"%","en":"%","es":"%","fi":"%","fr":"%","hi":"%","it":"%","ja":"%","ko":"%","nb":"%","nl":"%","pt-BR":"%","pt-PT":"%","sv":"%","th":"%","zh-CN":"%","zh-TW":"%"},"default":40},{"type":"header","content":{"da":"Side","de":"Seite","en":"Page","es":"Página","fi":"Sivu","fr":"Page","hi":"पेज","it":"Pagina","ja":"ページ","ko":"페이지","nb":"Side","nl":"Pagina","pt-BR":"Página","pt-PT":"Página","sv":"Sida","th":"หน้า","zh-CN":"页面","zh-TW":"頁面"}},{"type":"color","id":"color_borders","label":{"da":"Kanter og beskæringer","de":"Rahmen und Linien","en":"Borders and lines","es":"Bordes y líneas","fi":"Rajat ja viivat","fr":"Bordures et lignes","hi":"बॉर्डर और लाइन","it":"Bordi e linee","ja":"罫線と線","ko":"테두리 및 라인","nb":"Border og linjer","nl":"Randen en lijnen","pt-BR":"Bordas e linhas","pt-PT":"Limites e linhas","sv":"Gränser och linjer","th":"เส้นขอบและบรรทัด","zh-CN":"边框和线条","zh-TW":"邊框和線條"},"default":"#ebebeb"},{"type":"color","id":"color_body_bg","label":{"da":"Baggrund","de":"Hintergrund","en":"Background","es":"Fondo","fi":"Tausta","fr":"Couleur de fond","hi":"पृष्ठभूमि","it":"Sfondo","ja":"背景","ko":"배경","nb":"Bakgrunn","nl":"Achtergrond","pt-BR":"Plano de fundo","pt-PT":"Fundo","sv":"Bakgrund","th":"พื้นหลัง","zh-CN":"背景","zh-TW":"背景"},"default":"#ffffff"}]},{"name":{"da":"Typografi","de":"Typographie","en":"Typography","es":"Tipografía","fi":"Typografia","fr":"Typographie","hi":"Typography","it":"Caratteri tipografici","ja":"文字体裁","ko":"입력 체계","nb":"Typografi","nl":"Typografie","pt-BR":"Tipografia","pt-PT":"Tipografia","sv":"Typografi","th":"ตัวพิมพ์","zh-CN":"版式","zh-TW":"印刷樣式"},"settings":[{"type":"header","content":{"da":"Overskrifter og knapper","de":"Titel und Buttons","en":"Headings and buttons","es":"Títulos y botones","fi":"Otsikot ja painikkeet","fr":"En-têtes et boutons","hi":"हेडिंग और बटन","it":"Titoli e pulsanti","ja":"見出しとボタン","ko":"제목 및 버튼","nb":"Overskrifter og knapper","nl":"Koppen en knoppen","pt-BR":"Títulos e botões","pt-PT":"Títulos e botões","sv":"Rubriker och knappar","th":"หัวเรื่องและปุ่ม","zh-CN":"标题和按钮","zh-TW":"標題和按鈕"}},{"type":"font_picker","id":"type_header_font","label":{"da":"Skrifttype","de":"Schriftart","en":"Font","es":"Fuente","fi":"Fontti","fr":"Police","hi":"फ़ॉन्ट","it":"Font","ja":"フォント","ko":"글꼴","nb":"Skrifttype","nl":"Lettertype","pt-BR":"Fonte","pt-PT":"Tipo de letra","sv":"Typsnitt","th":"แบบอักษร","zh-CN":"字体","zh-TW":"字型"},"default":"helvetica_n7"},{"type":"range","id":"type_header_base_size","label":{"da":"Basisstørrelse for overskrift","de":"Titelgröße","en":"Heading base size","es":"Tamaño base de título","fi":"Otsikon peruskoko","fr":"Dimensions de base de l'en-tête","hi":"शीर्षक के आधार का आकार","it":"Dimensione base del titolo","ja":"見出しの基本サイズ","ko":"제목 기본 크기","nb":"Grunnstørrelse for overskrift","nl":"Afmeting kopbasis","pt-BR":"Tamanho básico do título","pt-PT":"Tamanho básico do título","sv":"Rubrik basstorlek","th":"ขนาดพื้นฐานของหัวเรื่อง","zh-CN":"标题基本尺寸","zh-TW":"標題基本尺寸"},"default":26,"min":20,"max":36,"step":1,"unit":"px"},{"type":"header","content":{"da":"Brødtekst","de":"Body-Text","en":"Body text","es":"Texto del cuerpo","fi":"Leipäteksti","fr":"Corps du texte","hi":"मुख्य भाग","it":"Corpo del testo","ja":"本文","ko":"본문 텍스트","nb":"Brødtekst","nl":"Hoofdtekst","pt-BR":"Corpo do texto","pt-PT":"Corpo de texto","sv":"Brödtext","th":"ข้อความเนื้อหา","zh-CN":"正文文本","zh-TW":"內文"}},{"type":"font_picker","id":"type_base_font","label":{"da":"Skrifttype","de":"Schriftart","en":"Font","es":"Fuente","fi":"Fontti","fr":"Police","hi":"फ़ॉन्ट","it":"Font","ja":"フォント","ko":"글꼴","nb":"Skrifttype","nl":"Lettertype","pt-BR":"Fonte","pt-PT":"Tipo de letra","sv":"Typsnitt","th":"แบบอักษร","zh-CN":"字体","zh-TW":"字型"},"default":"helvetica_n4"},{"type":"range","id":"type_base_size","label":{"da":"Basisstørrelse","de":"Größe","en":"Base size","es":"Tamaño de base","fi":"Peruskoko","fr":"Dimensions de base","hi":"मूल आकार","it":"Dimensione base","ja":"基本サイズ","ko":"기본 사이즈","nb":"Grunnstørrelse","nl":"Basisafmeting","pt-BR":"Tamanho básico","pt-PT":"Tamanho básico","sv":"Basstorlek","th":"ขนาดพื้นฐาน","zh-CN":"基本尺寸","zh-TW":"基本尺寸"},"default":15,"min":14,"max":20,"step":1,"unit":"px"}]},{"name":"Popup newsletter","settings":[{"type":"header","content":"Newsletter"},{"type":"text","id":"news_title","label":"Heading","default":"Newsletter"},{"type":"richtext","id":"news_info","label":"Info"},{"type":"color","id":"news_bg","label":"Background color","default":"#e4d5d3"},{"type":"image_picker","id":"news_icon","label":"Cloud image","info":"Size: 131 x 41px"}]},{"name":"Search","settings":[{"type":"header","content":"Product suggestions"},{"type":"checkbox","id":"predictive_search_enabled","label":"Enable product suggestions","info":"This will also affect the search bar on the search results page.","default":true},{"type":"checkbox","id":"predictive_search_show_vendor","label":"Show vendor","default":false},{"type":"checkbox","id":"predictive_search_show_price","label":"Show price","default":false}]},{"name":{"da":"Sociale medier","de":"Social Media","en":"Social media","es":"Redes sociales","fi":"Some","fr":"Médias sociaux","hi":"सोशल मीडिया","it":"Social media","ja":"ソーシャルメディア","ko":"소셜 미디어","nb":"Sosiale medier","nl":"Social media","pt-BR":"Redes sociais","pt-PT":"Redes sociais","sv":"Sociala medier","th":"โซเชียลมีเดีย","zh-CN":"社交媒体","zh-TW":"社交媒體"},"settings":[{"type":"header","content":"Social sharing image"},{"type":"image_picker","id":"share_image","label":"Image","info":"Shown when sharing a link on social media. [Learn more](https:\/\/help.shopify.com\/manual\/using-themes\/troubleshooting\/showing-social-media-thumbnail-images\/) about image thumbnails."},{"type":"header","content":{"da":"Muligheder for deling på sociale medier","de":"Teilen auf Social Media","en":"Social sharing options","es":"Opciones para compartir en redes sociales","fi":"Sosiaalisen median jakamisvaihtoehdot","fr":"Options de partage sur les médias sociaux","hi":"सोशल शेयरिंग के विकल्प","it":"Opzioni di condivisione sui social","ja":"SNSシェアのオプション","ko":"소셜 공유 옵션","nb":"Knapper for deling på sosiale medier","nl":"Opties voor sociaal delen","pt-BR":"Opções de compartilhamento em redes sociais","pt-PT":"Opções de partilha em redes sociais","sv":"Alternativ för delning i sociala medier","th":"ตัวเลือกการแชร์ไปยังโซเชียลมีเดีย","zh-CN":"社交分享选项","zh-TW":"社群分享選項"}},{"type":"checkbox","id":"share_facebook","label":{"da":"Del på Facebook","de":"Teilen auf Facebook","en":"Share on Facebook","es":"Compartir en Facebook","fi":"Jaa Facebookissa","fr":"Partager sur Facebook","hi":"Facebook पर साझा करें","it":"Condividi su Facebook","ja":"Facebookでシェアする","ko":"Facebook에서 공유","nb":"Del på Facebook","nl":"Delen op Facebook","pt-BR":"Compartilhar no Facebook","pt-PT":"Partilhe no Facebook","sv":"Dela på Facebook","th":"แชร์บน Facebook","zh-CN":"在 Facebook 上共享","zh-TW":"分享至 Facebook"},"default":true},{"type":"checkbox","id":"share_twitter","label":{"da":"Tweet på Twitter","de":"Tweet auf Twitter","en":"Tweet on Twitter","es":"Tuitear en Twitter","fi":"Twiittaa Twitterissä","fr":"Tweeter sur Twitter","hi":"Twitter पर ट्वीट करें","it":"Twitta su Twitter","ja":"Twitterに投稿する","ko":"Twitter에서 트윗 작성","nb":"Tweet på Twitter","nl":"Twitteren op Twitter","pt-BR":"Tuitar","pt-PT":"Twittar no Twitter","sv":"Twittra på Twitter","th":"ทวีตบน Twitter","zh-CN":"在 Twitter 上发推文","zh-TW":"在 Twitter 上發佈推文"},"default":true},{"type":"checkbox","id":"share_pinterest","label":{"da":"Pin på Pinterest","de":"Pin auf Pinterest","en":"Pin on Pinterest","es":"Pinear en Pinterest","fi":"Pinnaa Pinterestissä","fr":"Épingler sur Pinterest","hi":"Pinterest पर पिन करें","it":"Pinna su Pinterest","ja":"Pinterestでピンする","ko":"Pinterest에 고정하기","nb":"Pin på Pinterest","nl":"Pinnen op Pinterest","pt-BR":"Incluir como pin no Pinterest","pt-PT":"Adicione no Pinterest","sv":"Spara en pin på Pinterest","th":"ปักหมุดบน Pinterest","zh-CN":"固定在 Pinterest 上","zh-TW":"加入 Pinterest"},"default":true},{"type":"header","content":{"da":"SoMe-konti","de":"Social Media","en":"Social accounts","es":"Cuentas de redes sociales","fi":"Sosiaalisen median tilit","fr":"Médias sociaux","hi":"सोशल खाते","it":"Account social","ja":"ソーシャルアカウント","ko":"소셜 계정","nb":"Sosiale kontoer","nl":"Socialmedia-accounts","pt-BR":"Contas de redes sociais","pt-PT":"Contas de redes sociais","sv":"Sociala konton","th":"บัญชีโซเชียลมีเดีย","zh-CN":"社媒账户","zh-TW":"社群帳戶"}},{"type":"text","id":"social_twitter_link","label":{"da":"Twitter","de":"Twitter","en":"Twitter","es":"Twitter","fi":"Twitter","fr":"Twitter","hi":"Twitter","it":"Twitter","ja":"Twitter","ko":"Twitter","nb":"Twitter","nl":"Twitter","pt-BR":"Twitter","pt-PT":"Twitter","sv":"Twitter","th":"Twitter","zh-CN":"Twitter","zh-TW":"Twitter"},"info":{"da":"https:\/\/twitter.com\/shopify","de":"https:\/\/twitter.com\/shopify","en":"https:\/\/twitter.com\/shopify","es":"https:\/\/twitter.com\/shopify","fi":"https:\/\/twitter.com\/shopify","fr":"https:\/\/twitter.com\/shopify","hi":"https:\/\/twitter.com\/shopify","it":"https:\/\/twitter.com\/shopify","ja":"https:\/\/twitter.com\/shopify","ko":"https:\/\/twitter.com\/shopify","nb":"https:\/\/twitter.com\/shopify","nl":"https:\/\/twitter.com\/shopify","pt-BR":"https:\/\/twitter.com\/shopify","pt-PT":"https:\/\/twitter.com\/shopify","sv":"https:\/\/twitter.com\/shopify","th":"https:\/\/twitter.com\/shopify","zh-CN":"https:\/\/twitter.com\/shopify","zh-TW":"https:\/\/twitter.com\/shopify"}},{"type":"text","id":"social_facebook_link","label":{"da":"Facebook","de":"Facebook","en":"Facebook","es":"Facebook","fi":"Facebook","fr":"Facebook","hi":"Facebook","it":"Facebook","ja":"Facebook","ko":"Facebook","nb":"Facebook","nl":"Facebook","pt-BR":"Facebook","pt-PT":"Facebook","sv":"Facebook","th":"Facebook","zh-CN":"Facebook","zh-TW":"Facebook"},"info":{"da":"https:\/\/facebook.com\/shopify","de":"https:\/\/facebook.com\/shopify","en":"https:\/\/facebook.com\/shopify","es":"https:\/\/www.facebook.com\/ShopifyES\/","fi":"https:\/\/facebook.com\/shopify","fr":"https:\/\/facebook.com\/shopify","hi":"https:\/\/facebook.com\/shopify","it":"https:\/\/facebook.com\/shopify","ja":"https:\/\/facebook.com\/shopify","ko":"https:\/\/facebook.com\/shopify","nb":"https:\/\/facebook.com\/shopify","nl":"https:\/\/facebook.com\/shopify","pt-BR":"https:\/\/facebook.com\/shopify","pt-PT":"https:\/\/facebook.com\/shopify","sv":"https:\/\/www.facebook.com\/shopify","th":"https:\/\/facebook.com\/shopify","zh-CN":"https:\/\/facebook.com\/shopify","zh-TW":"https:\/\/facebook.com\/shopify"}},{"type":"text","id":"social_in_link","label":"LinkedIn","info":"https:\/\/linkedin.com\/shopify"},{"type":"text","id":"social_pinterest_link","label":{"da":"Pinterest","de":"Pinterest","en":"Pinterest","es":"Pinterest","fi":"Pinterest","fr":"Pinterest","hi":"Pinterest","it":"Pinterest","ja":"Pinterest","ko":"Pinterest","nb":"Pinterest","nl":"Pinterest","pt-BR":"Pinterest","pt-PT":"Pinterest","sv":"Pinterest","th":"Pinterest","zh-CN":"Pinterest","zh-TW":"Pinterest"},"info":{"da":"https:\/\/pinterest.com\/shopify","de":"https:\/\/pinterest.com\/shopify","en":"https:\/\/pinterest.com\/shopify","es":"https:\/\/pinterest.com\/shopify","fi":"https:\/\/facebook.com\/shopify","fr":"https:\/\/pinterest.com\/shopify","hi":"https:\/\/pinterest.com\/shopify","it":"https:\/\/pinterest.com\/shopify","ja":"https:\/\/pinterest.com\/shopify","ko":"https:\/\/pinterest.com\/shopify","nb":"https:\/\/pinterest.com\/shopify","nl":"https:\/\/pinterest.com\/shopify","pt-BR":"https:\/\/pinterest.com\/shopify","pt-PT":"https:\/\/pinterest.com\/shopify","sv":"https:\/\/www.pinterest.com\/shopify","th":"https:\/\/pinterest.com\/shopify","zh-CN":"https:\/\/pinterest.com\/shopify","zh-TW":"https:\/\/pinterest.com\/shopify"}},{"type":"text","id":"social_instagram_link","label":{"da":"Instagram","de":"Instagram","en":"Instagram","es":"Instagram","fi":"Instagram","fr":"Instagram","hi":"Instagram","it":"Instagram","ja":"Instagram","ko":"Instagram","nb":"Instagram","nl":"Instagram","pt-BR":"Instagram","pt-PT":"Instagram","sv":"Instagram","th":"Instagram","zh-CN":"Instagram","zh-TW":"Instagram"},"info":{"da":"http:\/\/instagram.com\/shopify","de":"http:\/\/instagram.com\/shopify","en":"http:\/\/instagram.com\/shopify","es":"http:\/\/instagram.com\/shopify","fi":"https:\/\/instagram.com\/shopify","fr":"http:\/\/instagram.com\/shopify","hi":"http:\/\/instagram.com\/shopify","it":"http:\/\/instagram.com\/shopify","ja":"http:\/\/instagram.com\/shopify","ko":"http:\/\/instagram.com\/shopify","nb":"http:\/\/instagram.com\/shopify","nl":"http:\/\/instagram.com\/shopify","pt-BR":"http:\/\/instagram.com\/shopify","pt-PT":"http:\/\/instagram.com\/shopify","sv":"https:\/\/instagram.com\/shopify","th":"http:\/\/instagram.com\/shopify","zh-CN":"http:\/\/instagram.com\/shopify","zh-TW":"http:\/\/instagram.com\/shopify"}},{"type":"text","id":"social_tumblr_link","label":{"da":"Tumblr","de":"Tumblr","en":"Tumblr","es":"Tumblr","fi":"Tumblr","fr":"Tumblr","hi":"Tumblr","it":"Tumblr","ja":"Tumblr","ko":"Tumblr","nb":"Tumblr","nl":"Tumblr","pt-BR":"Tumblr","pt-PT":"Tumblr","sv":"Tumblr","th":"Tumblr","zh-CN":"Tumblr","zh-TW":"Tumblr"},"info":{"da":"http:\/\/shopify.tumblr.com","de":"http:\/\/shopify.tumblr.com","en":"http:\/\/shopify.tumblr.com","es":"http:\/\/shopify.tumblr.com","fi":"http:\/\/shopify.tumblr.com","fr":"http:\/\/shopify.tumblr.com","hi":"http:\/\/shopify.tumblr.com","it":"http:\/\/shopify.tumblr.com","ja":"http:\/\/shopify.tumblr.com","ko":"http:\/\/shopify.tumblr.com","nb":"http:\/\/shopify.tumblr.com","nl":"http:\/\/shopify.tumblr.com","pt-BR":"http:\/\/shopify.tumblr.com","pt-PT":"http:\/\/shopify.tumblr.com","sv":"http:\/\/shopify.tumblr.com","th":"http:\/\/shopify.tumblr.com","zh-CN":"http:\/\/shopify.tumblr.com","zh-TW":"http:\/\/shopify.tumblr.com"}},{"type":"text","id":"social_snapchat_link","label":{"da":"Snapchat","de":"Snapchat","en":"Snapchat","es":"Snapchat","fi":"Snapchat","fr":"Snapchat","hi":"Snapchat","it":"Snapchat","ja":"Snapchat","ko":"Snapchat","nb":"Snapchat","nl":"Snapchat","pt-BR":"Snapchat","pt-PT":"Snapchat","sv":"Snapchat","th":"Snapchat","zh-CN":"Snapchat","zh-TW":"Snapchat"},"info":{"da":"https:\/\/www.snapchat.com\/add\/shopify","de":"https:\/\/www.snapchat.com\/add\/shopify","en":"https:\/\/www.snapchat.com\/add\/shopify","es":"https:\/\/www.snapchat.com\/add\/shopify","fi":"https:\/\/www.snapchat.com\/add\/shopify","fr":"https:\/\/www.snapchat.com\/add\/shopify","hi":"https:\/\/www.snapchat.com\/add\/shopify","it":"https:\/\/www.snapchat.com\/add\/shopify","ja":"https:\/\/www.snapchat.com\/add\/shopify","ko":"https:\/\/www.snapchat.com\/add\/shopify","nb":"https:\/\/snapchat.com\/add\/shopify","nl":"https:\/\/www.snapchat.com\/add\/shopify","pt-BR":"https:\/\/www.snapchat.com\/add\/shopify","pt-PT":"https:\/\/www.snapchat.com\/add\/shopify","sv":"https:\/\/www.snapchat.com\/add\/shopify","th":"https:\/\/www.snapchat.com\/add\/shopify","zh-CN":"https:\/\/www.snapchat.com\/add\/shopify","zh-TW":"https:\/\/www.snapchat.com\/add\/shopify"}},{"type":"text","id":"social_youtube_link","label":{"da":"YouTube","de":"YouTube","en":"YouTube","es":"Youtube","fi":"YouTube","fr":"YouTube","hi":"YouTube","it":"YouTube","ja":"YouTube","ko":"YouTube","nb":"YouTube","nl":"YouTube","pt-BR":"YouTube","pt-PT":"YouTube","sv":"YouTube","th":"YouTube","zh-CN":"YouTube","zh-TW":"YouTube"},"info":{"da":"https:\/\/www.youtube.com\/shopify","de":"https:\/\/www.youtube.com\/shopify","en":"https:\/\/www.youtube.com\/shopify","es":"https:\/\/www.youtube.com\/shopify","fi":"https:\/\/facebook.com\/shopify","fr":"https:\/\/www.youtube.com\/shopify","hi":"https:\/\/www.youtube.com\/shopify","it":"https:\/\/www.youtube.com\/shopify","ja":"https:\/\/www.youtube.com\/shopify","ko":"https:\/\/www.youtube.com\/shopify","nb":"https:\/\/www.youtube.com\/shopify","nl":"https:\/\/www.youtube.com\/shopify","pt-BR":"https:\/\/www.youtube.com\/shopify","pt-PT":"https:\/\/www.youtube.com\/shopify","sv":"https:\/\/www.youtube.com\/user\/shopify","th":"https:\/\/www.youtube.com\/shopify","zh-CN":"https:\/\/www.youtube.com\/shopify","zh-TW":"https:\/\/www.youtube.com\/shopify"}},{"type":"text","id":"social_vimeo_link","label":{"da":"Vimeo","de":"Vimeo","en":"Vimeo","es":"Vimeo","fi":"Vimeo","fr":"Vimeo","hi":"Vimeo","it":"Vimeo","ja":"Vimeo","ko":"Vimeo","nb":"Vimeo","nl":"Vimeo","pt-BR":"Vimeo","pt-PT":"Vimeo","sv":"Vimeo","th":"Vimeo","zh-CN":"Vimeo","zh-TW":"Vimeo"},"info":{"da":"https:\/\/vimeo.com\/shopify","de":"https:\/\/vimeo.com\/shopify","en":"https:\/\/vimeo.com\/shopify","es":"https:\/\/vimeo.com\/shopify","fi":"https:\/\/vimeo.com\/shopify","fr":"https:\/\/vimeo.com\/shopify","hi":"https:\/\/vimeo.com\/shopify","it":"https:\/\/vimeo.com\/shopify","ja":"https:\/\/vimeo.com\/shopify","ko":"https:\/\/vimeo.com\/shopify","nb":"https:\/\/vimeo.com\/shopify","nl":"https:\/\/vimeo.com\/shopify","pt-BR":"https:\/\/vimeo.com\/shopify","pt-PT":"https:\/\/vimeo.com\/shopify","sv":"https:\/\/vimeo.com\/shopify","th":"https:\/\/vimeo.com\/shopify","zh-CN":"https:\/\/vimeo.com\/shopify","zh-TW":"https:\/\/vimeo.com\/shopify"}}]},{"name":{"da":"Favoritikon","de":"Favicon","en":"Favicon","es":"Favicon","fi":"Favicon","fr":"Favicon","hi":"Favicon","it":"Favicon","ja":"ファビコン","ko":"Favicon","nb":"Favicon","nl":"Favicon","pt-BR":"Favicon","pt-PT":"Favicon","sv":"Favicon","th":"Favicon","zh-CN":"网站图标","zh-TW":"Favicon"},"settings":[{"type":"image_picker","id":"favicon","label":{"da":"Billede for favoritikon","de":"Favicon-Foto","en":"Favicon image","es":"Imagen de favicon","fi":"Favicon-kuva","fr":"Image favicon","hi":"favicon इमेज","it":"Immagine favicon","ja":"ファビコン画像","ko":"파비콘 이미지","nb":"Favicon-bilde","nl":"Favicon-afbeelding","pt-BR":"Imagem favicon","pt-PT":"Imagem Favicon","sv":"Favicon-bild","th":"รูปภาพ Favicon","zh-CN":"网站图标图片","zh-TW":"Favicon 圖片"},"info":{"da":"Skaleres ned til 32 x 32 px","de":"Wird in der Größe 32 x 32 px angezeigt","en":"Will be scaled down to 32 x 32px","es":"Se reducirá a 32 x 32px","fi":"Skaalataan 32 x 32 pikseliin","fr":"L'image sera réduite à 32 x 32 px","hi":"32 x 32 पिक्सेल के आकार का कर दिया जाएगा","it":"Verrà ridimensionata a 32 x 32 pixel.","ja":"32×32ピクセルに縮小されます。","ko":"32x32 픽셀로 축소됩니다.","nb":"Vil skaleres ned til 32 x 32 px","nl":"Wordt verkleind tot 32x32 pixels","pt-BR":"será reduzida para 32 x 32 pixels","pt-PT":"Será reduzida para 32 x 32 px","sv":"Kommer skalas ned till 32 x 32 px","th":"จะถูกลดขนาดลงเป็น 32 x 32 พิกเซล","zh-CN":"将缩小到 32 x 32px","zh-TW":"將會縮小為 32 x 32 像素"}}]},{"name":"Cart Page","settings":[{"type":"checkbox","id":"enable_ajax","label":"Show notification when item is added to cart","default":true},{"type":"header","content":"Delivery message"},{"type":"textarea","id":"del_msg","label":"Text"}]},{"name":"Login Page","settings":[{"type":"header","content":"Image"},{"type":"image_picker","id":"login_image","label":{"da":"Billede","de":"Foto","en":"Image","es":"Imagen","fi":"Kuva","fr":"Image","hi":"इमेज","it":"Immagine","ja":"画像","ko":"이미지","nb":"Bilde","nl":"Afbeelding","pt-BR":"Imagem","pt-PT":"Imagem","sv":"Bild","th":"รูปภาพ","zh-CN":"图片","zh-TW":"圖片"},"info":"Size 700 x 830px"},{"type":"image_picker","id":"cloud_image_icon","label":"Cloud image","info":"Size: 505 x 158px"},{"type":"image_picker","id":"sun_image_1","label":"Sun image","info":"Size: 274 x 274px"},{"type":"color","id":"login_form_bkg","label":"Select color","default":"#f6faff","info":"Form Background Color"}]},{"name":"Register Page","settings":[{"type":"header","content":"Image"},{"type":"image_picker","id":"reg_image","label":{"da":"Billede","de":"Foto","en":"Image","es":"Imagen","fi":"Kuva","fr":"Image","hi":"इमेज","it":"Immagine","ja":"画像","ko":"이미지","nb":"Bilde","nl":"Afbeelding","pt-BR":"Imagem","pt-PT":"Imagem","sv":"Bild","th":"รูปภาพ","zh-CN":"图片","zh-TW":"圖片"},"info":"Size 700 x 830px"},{"type":"image_picker","id":"reg_image_icon","label":"bottom icon image","info":"Size: 168 x 140px"},{"type":"color","id":"reg_form_bkg","label":"Select color","default":"#f5f8f0","info":"Form Background Color"}]},{"name":"Customer Care Pages","settings":[{"type":"header","content":"Sidebar Address"},{"type":"text","id":"cmp_nm","label":"Company"},{"type":"text","id":"address1","label":"Address"},{"type":"text","id":"city","label":"City"},{"type":"text","id":"country","label":"Country"},{"type":"text","id":"zip","label":"Postal\/Zip Code"},{"type":"text","id":"phone","label":"Phone"},{"type":"header","content":"Page Bottom Icon"},{"type":"image_picker","id":"page_image_icon","label":"Contact Page bottom icon image","info":"Size: 215 x 75px"},{"type":"image_picker","id":"page_image_icon1","label":"Delivery Page bottom icon image","info":"Size: 215 x 75px"},{"type":"image_picker","id":"page_image_icon2","label":"Returns Page bottom icon image","info":"Size: 215 x 75px"},{"type":"image_picker","id":"page_image_icon3","label":"Terms Page bottom icon image","info":"Size: 215 x 75px"},{"type":"image_picker","id":"page_image_icon4","label":"Privacy Page bottom icon image","info":"Size: 215 x 75px"},{"type":"header","content":"Background Color"},{"type":"color","id":"sidebar_bkg","label":"Select color","default":"#fdfbf9","info":"Sidebar Background Color"},{"type":"color","id":"page_bkg","label":"Select color","default":"#f5f8f0","info":"Page Background Color"}]},{"name":"Pop-up Content","settings":[{"type":"image_picker","id":"cloud_image_icon1","label":"Cloud image","info":"Size: 505 x 158px"},{"type":"text","id":"popup_title","label":"Pop Up heading"},{"type":"richtext","id":"popup_desc","label":"Pop up Content","default":"<p>Pop Up text<\/p>"}]},{"name":"Blog Pop-up Content","settings":[{"type":"text","id":"popup_title1","label":"Pop Up heading"},{"type":"richtext","id":"popup_desc1","label":"Pop up Content","default":"<p>Pop Up text<\/p>"},{"type":"text","id":"pop_up_yes_title","label":"Pop Up Yes Label"},{"type":"text","id":"pop_up_yes_link","label":"Pop Up Yes Link"},{"type":"text","id":"pop_up_no_title","label":"Pop Up No Label"},{"type":"text","id":"pop_up_no_link","label":"Pop Up No Link"},{"type":"text","id":"blog_category","label":"Blog Category"}]}]